start	end	text
0	1740	So I want you to imagine something for a second.
2240	9140	Imagine trying to guess, like, the exact weather conditions on the day someone was born just
9140	11280	by watching how they stir their coffee today.
11420	13960	Right, which sounds completely ridiculous.
14120	14440	Exactly.
14620	20180	I mean, if they swirl it clockwise, maybe it was raining, or if they tap the spoon twice,
20300	21080	maybe it was a Tuesday.
21400	23040	It sounds completely absurd.
23340	24820	The connection is totally severed.
24960	26120	Yeah, the time has passed.
26200	28260	Those original variables are just, they're gone.
28400	28600	Right.
28600	33060	But the crazy thing is, that is essentially what astrophysicists are doing with galaxies
33060	33600	right now.
33960	39980	I mean, they're looking at how a massive, mature galaxy spins today, and they are using that
39980	47320	rotation to read the invisible primordial gravitational environment from billions of years ago.
47440	50820	And, well, the truly mind-bending part is that it's actually working.
51100	54160	It's working, and that's our mission for this deep dive.
54160	59400	We are welcoming you, the insanely curious listener, to a really heavy but fascinating
59400	60040	topic today.
60120	64300	Yeah, we are fundamentally rethinking what it means for the universe to, you know, hold
64300	64940	on to a memory.
65260	66740	So let's talk about the source material.
67160	72200	We're grounding this deep dive in a 2026 paper by an independent researcher named Flyxion.
72820	76900	It's called, uh, Primordial Distinctions in Cosmological Memory.
76900	77700	That's right.
78280	83700	And Flyxion builds this really profound theoretical framework on top of a landmark observational
83700	85880	study led by Sheng and their colleagues.
86020	88640	So Sheng's team brought the hard data, right?
88720	89120	Exactly.
89520	94320	They provided the actual astronomical measurements of these galaxies, and Flyxion steps back
94320	100140	to ask, well, what does this discovery actually mean for the nature of information and time
100140	100960	in the cosmos?
100960	105720	And I want to promise you, the listener, right now we're dealing with some heavy astrophysics
105720	105960	here.
106080	109620	We've got tidal torque theory, advanced statistics, spectral mathematics.
109840	110740	It gets deep.
110820	111580	It gets very deep.
111880	118180	But we're going to extract the most incredible aha moments without getting totally bogged down
118180	118640	in the jargon.
118700	119600	We're going to unpack it all.
119700	119960	Definitely.
120200	122340	So let's start with the hard data from Sheng's team.
123040	127580	They looked at present-day galaxies and found this connection to their ancient pre-galactic
127580	131400	seeds, right, the proto-halos.
131640	132560	Yeah, the proto-halos.
133000	136960	And they didn't just find like a vague hint of a connection.
137060	137200	Right.
137240	138400	It was a massive signal.
138540	139440	Far from vague.
139440	145920	They found a statistically recoverable relationship between a galaxy's present-day angular momentum,
146300	151160	you know, its spin, and the primordial tidal field that acted upon its proto-halo.
151220	153820	And the significance level on this was huge, wasn't it?
153820	158960	It was quantified at a 7.0 sigma significance level in their fiducial analysis.
159200	159800	Okay, hold on.
159920	165380	For context, for those who might not follow statistical physics closely, 5 sigma is basically
165380	166840	the gold standard in physics, right?
166880	168100	Yeah, 5 sigma is massive.
168200	168360	Right.
168600	171840	If you hit 5 sigma, you get to hold a press conference and announce you've discovered
171840	174340	a new particle or confirmed a major theory.
174860	180660	The odds of a 5 sigma result being a random fluke are like 1 in 3.5 million.
180660	181220	Exactly.
181460	186400	So hitting 7 sigma, that means the signal is just undeniably mathematically real.
186860	187180	Wow.
187560	189340	Okay, but I have to play devil's advocate here.
189620	193700	If I'm looking at a galaxy, I see this ancient, massive structure.
194440	195940	Why wouldn't it remember its past?
196000	197120	I mean, we remember ours.
197260	198560	A fossil remembers a dinosaur.
199020	201480	Why is this cosmic memory considered so impossible?
201880	207220	Well, because comparing a galaxy to a fossil drastically understates the violence of a galaxy's
207220	207880	life cycle.
208400	210140	I mean, a fossil just sits in the dirt.
210140	210660	True.
210980	215900	A galaxy observed today is absolutely not in the material configuration from which it
215900	216200	began.
216320	216940	It's just not.
217700	222840	To understand why this memory is so astonishing, you have to look at what actually happens to
222840	229900	that initial blob of dark matter and primordial gas over, you know, billions of years.
229940	231200	It gets pretty chaotic, right?
231440	232720	Oh, it's incredibly violent.
233040	234880	First, you have catastrophic shocking.
234880	240360	As the gas collapses under gravity, it heats up to millions of degrees, then it cools, and
240360	243540	then it fragments to form billions of individual stars.
243880	246520	So the continuous cloud of gas is just destroyed.
246860	251100	It's turned into billions of discrete burning points of light.
251220	254420	That alone seems like it would scramble the original structure.
254580	255440	And that is just the beginning.
255740	259020	I mean, the entire structure is then reorganized by massive mergers.
259540	261120	Galaxies do not live in isolation.
261300	261440	Right.
261520	262900	They crash into each other all the time.
263240	263740	Exactly.
264420	270320	When two galaxies collide, the gravitational tidal forces literally rip long trails of
270320	272320	stars out of their original orbits.
272880	276000	The dark matter halos undergo virialization.
276540	277100	Virialization.
277220	277600	What's that?
277600	283880	It basically means they enter a state of chaotic, rapidly fluctuating gravitational equilibrium.
284280	286560	It completely washes out their initial boundaries.
286720	287280	Oh, wow.
287440	287640	Okay.
287820	290020	And on top of that, you have energetic feedback.
290460	296020	You've got supermassive black holes at the center, igniting and blasting immense jets
296020	297200	of radiation outward.
297420	297640	Right.
297740	298480	Like quasars.
298640	298960	Yes.
299380	305380	Plus, thousands of supernovas exploding, literally physically blowing material out of the galaxy.
305380	309400	So it's less like a fossil and more like, I don't know, a sandcastle that gets hit by
309400	313040	a tidal wave and struck by lightning and then trampled by a herd of horses.
313220	314620	That's a pretty good way to picture it.
314680	314860	Yeah.
315040	320620	And yet you were telling me that the final pile of scattered sand somehow still contains
320620	324840	a readable record of the specific breeze that was blowing right as the sandcastle was
324840	325560	first being built.
325780	327140	That is the paradox right there.
327240	332340	I mean, almost zero microscopic configuration from the galaxy's seed remains today.
332680	335140	None of the original puzzle pieces are in the same place.
335140	335580	Exactly.
335800	340940	You cannot trace the material identity of the early density field continuously to today.
341280	344320	The individual particles have been completely reorganized.
344440	345540	But the memory survives.
345840	346160	Yes.
346840	351820	Despite all of that destruction, the current rotation carries information from a primordial
351820	356000	environment that literally no longer exists in any present day form.
356140	357540	That is just wild.
357780	358300	It is.
358480	360920	And this brings us to Flyxion's main thesis.
360920	364260	Flyxion argues this isn't just a quirky anomaly.
364720	367940	It's a case study for a broader rule of the universe.
368140	368420	Which is.
368800	373300	That physical persistence across cosmic time is not about the survival of an object.
373700	376060	It's about the persistence of a distinction.
376560	377060	Okay, wait, wait.
377600	381960	If the original material is completely scrambled, what exactly is doing the remembering?
382360	385940	I mean, if the sandcastle is destroyed, where's the memory stored?
385940	387540	That's the million-dollar question.
387660	387800	Right.
387880	393500	Because we are used to memory requiring a medium, a hard drive, a brain, a piece of paper.
394060	397820	If there's no continuous physical object, how does the distinction persist?
398280	403900	To solve that puzzle, we have to look mechanistically at how a galaxy gets its spin in the first place,
403980	407140	like long before the chaos even begins.
407380	408720	Okay, let's go back to the beginning then.
408720	409040	Right.
409480	412920	This is defined by classical tidal torque theory, or TTT.
413620	418400	This theory explains that the origin of dalactic angular momentum comes from a misalignment
418400	421600	between two specific properties of the early universe.
421700	422500	Okay, two properties.
422580	423120	What's the first one?
423240	425920	First, we have the protohalos inertia tensor.
426240	430780	Okay, let's break down inertia tensor because that sounds really intimidating to a lot of people.
431380	437380	A tensor is essentially just a mathematical matrix that describes how something extends in three-dimensional space.
437380	438840	Yeah, that's a good way to put it.
439080	447140	So we are really just talking about the physical 3D shape and the mass distribution of this initial blob of dark matter and gas.
447500	448400	Yes, exactly.
448820	454020	It describes how stretched, squashed, or lopsided that initial mass distribution is.
454080	454720	Okay, got it.
454760	455880	So that's the shape of the blob.
455940	456860	What's the second element?
457120	459700	The second element is the primordial tidal tensor.
460040	462560	This represents the surrounding gravitational environment.
462980	465120	The environment pushing and pulling on the blob.
465440	465880	Exactly.
465880	471680	So imagine all the other dense patches of matter in the universe surrounding our blob.
472000	476460	They are exerting a gravitational pull, but that pull isn't uniform.
476640	479720	Right, because matter isn't spread out perfectly evenly.
480020	480260	Right.
480540	483360	It's stronger in some directions and weaker in others.
483860	487020	That uneven gravitational field is the title tensor.
487400	495260	Okay, so the twisting force that actually starts to spin is born because these two things don't perfectly line up.
495260	495860	Exactly.
496220	503400	So if the blob was a perfect sphere or if the gravitational pull was perfectly even from all sides, you wouldn't get a spin.
503520	504500	You just get a straight pull.
504640	504880	Correct.
505080	507480	The rotation is a purely relational consequence.
508120	514400	It is the physical manifestation of the misalignment between the object's shape and the environment's gravitational pull.
514400	516060	Okay, the physics makes perfect sense.
516160	516320	Right.
516520	521620	We know how the spin gets started, so why is this considered such an impossible observational problem?
521820	525760	Well, because of what Flyxion identifies as the access problem.
525800	526600	The access problem.
526700	526960	Yeah.
528000	532600	Tidal torque theory is physically correct on paper, but operationally.
532600	534060	It hits a massive wall.
534780	542900	To prove the theory observationally, you need to measure the tidal field and the inertia tensor in the early universe and then compare them to the galaxy today.
543160	544500	But I'm guessing we can't do that.
544580	544940	No.
545200	548460	We can only ever access one of those two ancient variables.
548820	549420	Let me guess.
550420	555560	We can figure out the gravitational tidal field, but we can't figure out the shape of the blob.
555560	556560	You nailed it.
557120	561860	On large cosmic scales, gravity is relatively well-behaved and deterministic.
562480	571400	So, using the large-scale distribution of matter we see today, we can mathematically run the clock backward to reconstruct the ancient primordial tidal field.
571640	571900	Okay.
572000	576660	But we absolutely cannot reconstruct the original shape, the inertia tensor of the proto-halo.
576840	577520	But why not?
577580	581660	I mean, if we can rewind the gravitational field, why can't we just rewind the blob itself?
581660	587740	Because the boundary of that proto-halo wasn't defined by any distinguishing feature present in the initial conditions.
588020	589200	Wait, I'm losing you a bit.
589260	589660	What do you mean?
589960	601020	So, in the very early universe, there were no discrete objects, there were no hard boundaries, there was just a continuous field of matter with very slight ripples in density.
601460	603000	Okay, so just like a soup of matter.
603100	604120	Yeah, exactly.
604800	609880	Our specific proto-halo was just a slightly denser patch in a universe full of dense patches.
610180	611500	It hadn't collapsed yet.
611500	612400	Ah, I see.
612460	618800	Because it hadn't undergone non-linear collapse, its shape was basically an arbitrary mathematical designation.
619180	625760	It wasn't a physical object that we can retroactively trace back from the messy, randomized galaxy we see today.
625860	626160	I see.
626260	627040	Okay, this makes sense.
627300	633040	So, it's like we have the cookie cutter, you know, the gravitational tidal field shaping things from the outside.
633240	634080	I like that analogy.
634380	634700	Right.
634700	640220	But the original blob of dough, the proto-halo's shape, has been baked, eaten, and digested.
640600	645740	We can't see the original shape of the dough, which means we can't prove how the cookie cutter interacted with it.
645740	646220	Exactly.
646220	649900	And if half the equation is invisible, the whole theory seems totally intestinal.
650000	650220	Right.
650480	658180	And this divergence between what the physics requires and what we can actually observe marks a crucial epistemic boundary.
658740	662060	We simply can't observe the physical relation directly.
662060	662960	So, what do we do?
663320	667020	Well, Shang and their team had to find a clever workaround.
667680	673620	They had to abandon the search for the inertia tensor and find what Flyxion calls a reconstructible proxy.
673840	675140	A reconstructible proxy.
675380	675540	Yeah.
675700	678540	So, they needed a mathematical stand-in for the missing cookie dough.
678940	679380	Exactly.
679920	683480	But, how do you substitute something you fundamentally cannot know?
683600	685820	I mean, if we don't know the shape, how do we fake it?
685820	686760	You don't fake it.
686840	691920	You substitute it with a different, fully reconstructible property that behaves similarly.
692160	692620	Okay, how?
692740	702880	Instead of trying to guess the unobservable shape of the proto-halo, Shang's team replaced it with the tidal field itself, but evaluated it at a completely different, smaller spatial resolution.
703120	703360	Okay.
703780	710580	Specifically, they evaluated it at a smoothing scale of approximately 1.8 times the Lagrangian radius of the halo.
710860	712220	Okay, let's slow down and unpack that.
712220	713820	The Lagrangian radius.
715240	721840	In fluid dynamics, Lagrangian perspective means you are following a specific parcel of matter as it moves, right?
721840	723280	Yes, that's exactly right.
723740	731740	So, the Lagrangian radius here is the size of the original region of space that contained all the mass that would eventually collapse into the galaxy.
732060	732380	Yes.
732620	737140	So, they take that radius and they zoom in slightly to 0.8 times that size.
737320	737580	Okay.
737580	742740	They are looking at the gravitational field at the scale of the inner core of the proto-halo.
742940	750460	This smaller scale traces the local unevenness, the anisotropy, at the exact site where the galaxy is going to form.
750540	750980	Oh, wow.
751300	752600	Okay, I think I see where this is going.
752740	752920	Yeah.
752920	760200	This local gravitational unevenness mathematically stands in for the unobservable shape of the mass itself.
760820	766940	Then, they compare that to the gravitational field at a much larger scale, which characterizes the surrounding environment.
767280	769220	This is a wild conceptual leap.
769340	769520	Yeah.
769520	771960	So, they aren't looking at an object in a field anymore.
772120	779500	They took the unobservable object out entirely, and they are just comparing the gravitational field to itself at two different zoom levels.
780220	786060	They are measuring how much the gravitational environment disagrees with itself from the inner scale to the outer scale.
786200	789320	That is the absolute genius of the reconstructible proxy.
789320	798520	They substituted a pairing between an object and a field with a pairing of the same field with itself, using nested Gaussian smoothing scales.
798540	800300	A nested Gaussian smoothing scale.
800320	800500	Yeah.
800780	803580	It is a scale-dependent non-commensurability.
803960	804860	That's a mouthful.
805160	806880	It is, but it works beautifully.
807480	814380	And to actually execute this, to build this proxy, Sheng's team had to mount an observational effort of staggering scale.
814440	814940	I can imagine.
814940	821200	To reconstruct that ancient gravitational cookie cutter, they used something called the Eel Elusi project.
821420	822100	Eel Ezea.
822520	825320	How does a project like that actually rewind time?
825540	828720	Because earlier you said gravity on large scales is deterministic.
829100	832780	But how do they physically process the data to get the primordial map?
833040	839060	They use a technique called Hamiltonian Markov-Chain Monte Carlo procedures, combined with particle mesh dynamics.
839240	841280	Okay, we definitely need to translate that for everyone.
841280	846780	A Markov-Chain Monte Carlo, or MCMC, is a statistical algorithm, right?
846860	847560	It is, yeah.
847620	850300	It's used to sample complex probability distributions.
850860	857360	You essentially take random walks through a landscape of possibilities, and the algorithm pulls you toward the most likely solutions.
857520	858280	Yes, exactly.
858620	863220	So they take the current observed distribution of galaxy groups in the local universe.
863600	864360	That is the endpoint.
864680	865320	The present day.
865320	865740	Right.
866040	877900	Then, the MCMC algorithm creates millions of potential starting points, primordial density fields, and runs them forward through simplified gravitational simulations using particle mesh dynamics.
878080	878300	Okay.
878480	884320	It compares the simulated endpoint to the real universe, adjusts the starting parameters, and runs it again.
884520	884980	Oh, wow.
885160	887660	So it's trial and error on a massive scale.
887660	888220	Huge.
888580	897000	It is a massive iterative optimization process that eventually converges on the most highly probable map of the early universe's density field.
897140	905000	So they use supercomputers to systematically guess and check until they find the exact primordial map that results in the universe we live in today.
905300	906140	Basically, yes.
906400	907060	That's incredible.
907220	909420	And that gives them the nested tidal fields.
909600	909740	Yeah.
909840	912380	But they also need the modern galaxies to compare it to, right?
912380	912900	Exactly.
913360	917740	For the present day kinematics, they use the Manji Integral Field Survey.
917920	918280	Manji.
918400	918540	Yeah.
918640	920260	And this wasn't just a handful of galaxies.
921020	929860	They analyzed 781 central elliptical galaxies and 815 spiral galaxies tracing the rotation of the gas.
929880	930440	That's a lot.
930700	935960	Plus 635 ellipticals and 812 spirals tracing the rotation of the stars.
936280	936780	Wow.
936780	945520	And they restricted all of this to massive dark matter halos over 10 to the 12th solar masses where the signal should be most robust.
945940	946660	10 to the 12th.
946660	947960	That is a massive scale.
948100	951840	So they have thousands of galaxies mapped in three dimensions.
952100	952360	Yes.
952480	958780	So they take the present day spin from Manji and they cross-reference it against the nested scale proxy from Eulucid.
959580	959840	Right.
959940	963260	And that is exactly where they found the 7.0 sigma correlation.
963540	965440	The math completely checked out.
965440	965700	Okay.
966060	966480	But hold on.
966520	970320	If they completely swapped out the variables, aren't they testing a completely different theory now?
970560	973240	I mean, that sounds like a bit of a statistical sleight of hand.
973340	973580	Yeah.
973580	981080	If I replace the cookie dough with the theoretical model of dough and it bakes perfectly, I haven't proven anything about the original dough.
981500	983820	I've just proven my model works with my cookie cutter.
984020	988700	This is a vital distinction, and it's the exact trap Flyxion warns about in the paper.
988700	998980	The physical claim of classical tidal torque theory and the operational claim actually tested by Sheng are related, but they are absolutely not identical.
999300	999400	Okay.
999560	1001720	There are three distinct objects in play here.
1001880	1003260	Walk me through the three objects.
1003320	1003500	Sure.
1003500	1006600	Object one is the physical primordial relation.
1006980	1012260	That's the true misalignment between the actual proto-halo shape and the true tidal field.
1012460	1012700	Okay.
1012880	1016820	This is physical reality, but as we discussed, it is forever unobservable.
1016960	1017180	Right.
1017380	1019560	Object two is the reconstructable proxy.
1020100	1024720	This is that nested two-scale field comparison that Sheng's team computed.
1025060	1025640	The stand-in.
1025640	1026240	Exactly.
1027040	1031960	And object three is the present-day observable, the galaxy's actual measured spin.
1032540	1036640	The 7.0 sigma correlation is strictly between object two and object three.
1036840	1039400	So they correlated the proxy to the modern galaxy.
1039540	1042880	They never actually touched the true primordial restriction.
1043000	1043120	Correct.
1043640	1047100	The evidence bears on the first object, but it is not identical to it.
1047420	1048680	So how do we know it's valid?
1048680	1054300	The entire validity of this approach relies on immense n-body simulations, demonstrating
1054300	1060300	that the proxy, object two, actually does tightly track the physical relation, object one.
1060540	1060880	I see.
1061400	1066440	The simulations confirm that the local unevenness of the gravitational field is an incredibly
1066440	1069460	reliable predictor of the resulting mass shape.
1070240	1071800	It is not just a mathematical trick.
1071920	1074620	It's a rigorously validated stand-in.
1074820	1074980	Okay.
1075060	1077120	So the proxy represents a real physical truth.
1077120	1079340	We've basically solved the access problem.
1079940	1083540	But this brings us back to what I think is the most mind-bending part of Flyxion's paper.
1084120	1088080	We established earlier that the modern galaxy itself has been completely scrambled over
1088080	1089540	billions of years, right?
1089640	1090500	Utterly scrambled.
1090660	1095440	So how does this proxy, this ancient relationship, actually survive in the present day?
1096260	1100240	And Flyxion talks about this in terms of shifting our framework from viewing systems
1100240	1102800	as states to viewing them as trajectories.
1102980	1104900	What does that mean in a physical sense?
1104900	1110680	It is a profound philosophical reframing of how we conceptualize astronomical bodies.
1110820	1114680	Usually, when we look at a galaxy, we view it as a state.
1114800	1115520	Like a snapshot.
1115900	1116460	Exactly.
1116680	1121520	A specific collection of matter, gas, and stars existing at a specific spatial coordinate
1121520	1122140	right now.
1122320	1122520	Right.
1122520	1128720	But if a galaxy is purely its present state, then a correlation between that state and
1128720	1134340	a primordial field from billions of years ago looks completely paradoxical, because the
1134340	1138180	matter currently present has no physical obligation to remember anything.
1138500	1138720	Right.
1138780	1142620	Because if I look at a galaxy as a collection of stars now, those specific stars didn't
1142620	1145320	even exist when the tidal field was pulling on the proto-halo.
1145480	1147120	The matter has been totally recycled.
1147120	1147680	Exactly.
1148460	1153920	But Flyxion argues, we must view a physical system as a trajectory, a continuous path through
1153920	1156880	a vast space of admissible configurations over time.
1157040	1157300	Okay.
1157500	1162600	Certain observable properties, like total angular momentum, are not just functions of the present
1162600	1162900	moment.
1163100	1166080	They are functional representations of the entire trajectory.
1166660	1167700	They are partly historical.
1168080	1168580	Oh, I see.
1168780	1172500	So angular momentum isn't just a sticker slapped on the galaxy today.
1172660	1175620	It's a summary of what the galaxy has been through.
1175620	1176600	Yes, exactly.
1177060	1180480	And this introduces Flyxion's definition of a distinction.
1180900	1181140	Right.
1181240	1182580	The persistence of a distinction.
1182760	1182860	Right.
1183180	1188620	A distinction is a physically instantiated difference between two alternative histories.
1188920	1189180	Okay.
1189300	1189880	Give me an example.
1190520	1194540	Imagine two slightly different primordial gravitational environments.
1195120	1200780	If those two environments produce descendant galaxies whose spins we can still statistically
1200780	1204180	tell apart today, then a distinction has survived.
1204440	1204840	Wow.
1204840	1210020	Even if the galaxies themselves have completely changed their material form, the difference
1210020	1214020	between their historical trajectories remains mathematically recoverable.
1214300	1216640	Flyxion calls this memory without representation.
1216900	1217100	Right.
1217320	1219260	Which sounds almost contradictory to me.
1219360	1221600	How can you have memory without a record?
1221700	1224120	If I want to remember something, I write it down, I represent it.
1224180	1224400	Right.
1224520	1225040	You store it.
1225300	1225740	Exactly.
1226260	1227700	The galaxy doesn't have a hard drive.
1227780	1231520	But if I'm understanding this correctly, it's kind of like a river that carves a canyon.
1231680	1231880	Okay.
1231900	1232340	Let's hear it.
1232340	1234960	The water that did the carving is long gone.
1235600	1236800	It vanished into the ocean.
1237520	1239440	There is no water left to represent the river.
1240140	1245480	But the shape of the canyon, the depth and the curves, it still tells you how fast and in
1245480	1247060	what direction the river was flowing.
1247600	1248140	That's good.
1248140	1251860	That perfectly captures the essence of it.
1251860	1255800	A galaxy does not store a symbolic record of the tidal tensor.
1256220	1257640	There is no memory address.
1257980	1258060	Right.
1258140	1259180	The memory is structural.
1259640	1263180	It is a property of the joint statistics of the system across time.
1263560	1266360	It is the survival of inferential dependence.
1266360	1271720	The current spin is statistically dependent on the ancient environment, requiring neither
1271720	1274600	an explicit representation nor a storage device.
1274820	1277520	But I have to push back on my own canyon analogy here.
1277620	1279760	Because a canyon just sits there quietly in the desert.
1280160	1282460	A galaxy is constantly being hit by other galaxies.
1282500	1282840	It's true.
1282920	1283560	It's very active.
1283560	1288060	And if the universe is constantly moving toward higher entropy, getting messier and more
1288060	1295320	disordered, how does this fragile geometric memory survive billions of years of chaotic
1295320	1295800	collisions?
1296060	1298200	That is the ultimate test of the theory.
1298580	1304260	Infliction addresses it head on with a concept called Markovian coarse-grained evolution.
1304420	1306260	Markovian coarse-grained evolution.
1306340	1306580	Yes.
1307080	1311000	And to understand it, we apply something called the data processing inequality.
1311320	1313240	The data processing inequality.
1313240	1314360	Let's break that down.
1314880	1320000	In information theory, it essentially says that you cannot create new information by
1320000	1323480	just processing or manipulating existing data.
1323980	1326700	Information can only be lost or maintained along a chain.
1326980	1327900	It can never increase.
1328100	1328540	Exactly.
1328900	1335660	If you have a chain of events, say event A causes event B, which causes event C, the information
1335660	1340040	about event A that survives in event C can only decrease or at best A the same.
1340120	1341260	It cannot increase.
1341360	1341780	Makes sense.
1341780	1346880	So all influence of the primordial distinction on today's galaxy is mediated through every
1346880	1348100	single intermediate state.
1348620	1350180	Every merger, every supernova.
1350760	1354360	Therefore, accessibility to the primordial distinction must intrinsically decay.
1354740	1355840	So the memory is fading.
1356020	1357640	The universe is actively erasing it.
1357840	1358960	It is fading, yes.
1359640	1364460	The empirical question is not whether the memory decays, but how slowly it decays relative
1364460	1366160	to the violence of the transformations.
1366160	1368100	Okay, do we have numbers on that?
1368260	1368640	We do.
1369180	1374480	In simplified computer simulations of just dark matter, the correlation between the
1374480	1378320	primordial field and the final spin is around 0.5 to 0.7.
1378440	1378920	Pretty strong.
1379120	1383380	But in the real messy universe, Shang measured a correlation of 0.13.
1383640	1384260	Oh, wow.
1384260	1388580	So the signal has degraded significantly, but crucially, it has not reached 0.
1388580	1389300	But wait.
1389860	1394880	When two massive galaxies smash together in a major merger, the gravitational violence
1394880	1395600	is immense.
1396120	1398380	How does the spin not just completely reset?
1398640	1399560	It's a great question.
1399640	1403180	Why doesn't that merger just wipe the slate clean and push the correlation all the way
1403180	1403520	to 0?
1403520	1406800	This is where Flyxion introduces a vital mechanical concept.
1407300	1408720	Repair without restoration.
1409120	1410320	Repair without restoration.
1410540	1410680	Yes.
1411100	1415100	When a galaxy undergoes a violent merger, it does not rebuild its old self.
1415500	1416660	It doesn't reverse time.
1417060	1419820	But it also doesn't just shatter into random chaos.
1420100	1421120	It undergoes repair.
1421520	1426380	See, when I hear repair, I think of fixing a broken window so it looks exactly like the
1426380	1426860	old window.
1426960	1427120	Yeah.
1427120	1428280	Returning to the original state.
1428360	1428560	Right.
1428660	1430340	In our everyday language, that's what it means.
1430340	1434220	But in phase space dynamics, repair means something specific.
1434960	1440580	It means the dynamics return the perturbed system to an admissible region of configuration
1440580	1441340	space.
1441480	1441660	Okay.
1441920	1445740	The galaxy relaxes into a new dynamically viable state.
1446300	1450220	When two galaxies merge, the system undergoes violent relaxation.
1450820	1455580	It might end up with a completely different mass, different morphological shapes, say, turning
1455580	1460320	from two spirals into a giant elliptical and completely different internal space.
1460580	1460980	Kinematics.
1461180	1461460	Okay.
1461720	1465720	But during this relaxation process, it retains relational invariance.
1465860	1467120	It finds a new equilibrium.
1467560	1471280	And in that new equilibrium, the ancient rotational bias is preserved.
1471460	1471980	Oh, I get it.
1472020	1475020	So it's not repairing the window to look exactly like the old window.
1475120	1475400	No.
1475540	1480380	It's more like taking a lump of blue clay and a lump of yellow clay, both spinning clockwise.
1480780	1482560	You smash them together violently.
1482720	1482860	Right.
1483080	1485440	You don't get the individual blue and yellow lumps back.
1485500	1487040	The original configuration is lost.
1487040	1487400	Mm-hmm.
1487500	1489460	You get a new, larger green lump.
1489820	1490340	Exactly.
1490580	1492820	That is repairing into a new admissible state.
1493460	1496140	But the new green lump is still spinning clockwise.
1496800	1502160	The material state is destroyed, but the relational memory, the spin, survives the chaos.
1502160	1504460	That captures the dynamic perfectly.
1505200	1509060	Repair preserves difference rather than restoring sameness.
1509300	1509620	Wow.
1510060	1515240	The galaxy's overall configuration is free to change entirely, while a small number of
1515240	1518720	relational invariants remain informative about its earliest history.
1519020	1520580	But what about the entropy objection?
1521100	1524020	The second law of thermodynamics says entropy is always increasing.
1524240	1525100	Yes, it is.
1525100	1530100	If the universe is fundamentally moving toward disorder, doesn't that inherently mean history
1530100	1531820	is being systematically erased?
1532040	1536860	It is a really common intuition, but Flyxion points out it is a major conflation of microscopic
1536860	1538520	and macroscopic information.
1538740	1539100	How so?
1539300	1544900	Entropy growth just means the number of possible microscopic states compatible with our macroscopic
1544900	1546180	observation is growing.
1546460	1551860	It causes a loss of accessible distinctions at a highly specific microscopic resolution.
1552040	1553300	Okay, so the tiny detail.
1553300	1553900	Exactly.
1554200	1559040	The exact position of every single star becomes completely randomized and unrecoverable.
1559360	1559560	Right.
1559680	1563860	The phase mixing and chaotic orbits make it impossible to track individual stars backward
1563860	1564360	in time.
1564440	1564860	Exactly.
1565360	1570720	But in low-dimensional projections, like looking at the single vector of overall angular momentum
1570720	1574140	correlations, can perfectly survive entropy growth.
1574280	1575020	That is amazing.
1575360	1581840	The microscopic details are lost to entropy, but the macroscopic structural distinction survives.
1581840	1588060	So entropy randomized all the tiny variables, but it didn't erase the massive, overarching
1588060	1589460	geometric relationship.
1589700	1590300	Precisely.
1590520	1595500	And to make this epistemic reality rigorous, Flyxion introduces a framework to help us
1595500	1597200	understand what we're actually measuring.
1598080	1600000	The three cones of persistence.
1600740	1604320	This feels crucial for not misinterpreting astronomical data.
1604460	1605640	It is absolutely essential.
1605800	1608260	Imagine three nested cones, one inside the other.
1608380	1609160	Okay, I'm picturing it.
1609160	1612360	The outermost and largest is the physical persistence cone.
1612740	1618700	This represents the set of all scales, times, and observables, where a genuine physical statistical
1618700	1621760	dependence on the primordial influence still exists in the universe.
1622000	1622880	Okay, so that's reality.
1623120	1623420	Yes.
1624200	1630200	It is the raw objective truth of reality, entirely independent of whether humans have the technology
1630200	1630960	to measure it.
1630960	1632840	Okay, the universe's actual memory.
1633020	1634600	What is the next cone inside that?
1634600	1636340	The observable persistence cone.
1636460	1638000	This is a much smaller subset.
1638000	1643840	It represents what our theoretically available observational channels, like the interfield
1643840	1647060	spectroscopy from Menge, could potentially see in principle.
1647600	1647660	Right.
1647760	1652100	If the physical signal is there, but it's only expressed in a dark matter interaction that
1652100	1657380	we have zero theoretical instruments to detect, it exists in the physical cone, but falls
1657380	1658940	outside the observable cone.
1659020	1659220	Good.
1659380	1661180	And the smallest innermost cone?
1661340	1662220	The detection cone.
1662400	1663840	This is the narrowest reality.
1663840	1669980	This is what our specific current sample sizes, our specific signal-to-noise ratios, our current
1669980	1675380	reconstruction algorithms, like elizuzide, and our strict statistical thresholds, like demanding
1675380	1678640	a seven-sigma proof, can actually confirm today.
1678640	1681740	Okay, so to synthesize that, it's like a radio station.
1681880	1682400	Let's hear it.
1682480	1687120	The actual signal propagating through the air across the entire state is the physical
1687120	1687860	persistence cone.
1688020	1688480	It's out there.
1688780	1693720	Owning a radio receiver that is technically capable of tuning into that frequency is the
1693720	1695160	observable persistence cone.
1695280	1695620	Yes.
1695900	1702380	And actually being able to hear the song clearly through the static in your specific location
1702380	1705800	with your specific volume settings is the detection cone.
1706040	1707660	That is a brilliant way to put it, yes.
1707660	1711660	And this nesting prevents massive scientific errors.
1711940	1712420	How so?
1712540	1717280	Well, for instance, in Sheng's data, they noted that this amazing memory correlation
1717280	1724060	degrades and seems to vanish in lower mass halos, specifically in galaxies below 10 to the
1724060	1725660	12.5 solar masses.
1725840	1727080	Okay, so smaller galaxies.
1727260	1731800	If I just glance at the abstract, I might assume, oh, small galaxies get knocked around too
1731800	1732000	much.
1732060	1732320	Yeah.
1732540	1733960	Their memory is physically erased.
1733960	1734440	Exactly.
1734860	1738720	A careless reading collapses the quons and assumes the physical memory is just gone.
1739100	1742040	But Flyxion's framework forces us to look closer.
1742320	1743280	What's really going on?
1743440	1749260	Sheng's team explicitly attributed this degradation to growing mathematical errors in how the Elia-Lucid
1749260	1753060	algorithm remaps Lagrangian space at those smaller scales.
1753060	1755660	Oh, so it's an algorithm problem, not a universe problem.
1755760	1759540	Just because you hear static on your radio, it doesn't mean the DJ went home.
1759940	1765220	It just means your receiver isn't sensitive enough to process that specific frequency yet.
1765280	1765840	Precisely.
1766360	1771660	The detection cone shrank because of algorithmic limitations in tracing smaller spectral resolutions.
1771660	1778020	The physical cone, the actual memory in those smaller galaxies might still be perfectly intact.
1778220	1780000	We just can't prove it yet.
1780180	1784160	This framework is elegant because it tells us exactly where the boundaries of our knowledge
1784160	1784540	are.
1784780	1788460	But, you know, any good theoretical framework can't just explain past results.
1788560	1789560	It has to predict the future.
1789680	1790640	It has to be falsifiable.
1790820	1792600	That's the hallmark of good science.
1792940	1796980	Did Flyxion stick their neck out and make a hard prediction that could prove this whole
1796980	1797760	theory wrong?
1797760	1803840	They absolutely did, and they based it on a very specific empirical anomaly in Sheng's
1803840	1804220	dataset.
1804400	1805060	What was the anomaly?
1805360	1809680	Sheng's team measured the spin using two different tracers in the same galaxies.
1810320	1814140	The gas, measured via H-alpha emission, and the stars.
1814640	1815920	Okay, gas and stars.
1816200	1820740	And they found that the spins traced by the gas correlate with the primordial field far more
1820740	1822920	strongly than the spins traced by the stars.
1823400	1824060	Wait, really?
1824520	1827000	Why would the gas remember better than the stars?
1827000	1832740	I mean, they are sitting in the exact same galaxy, experiencing the exact same merger
1832740	1833240	history.
1833420	1837300	Well, Sheng attributed this discrepancy to a few mundane statistical factors.
1837640	1838080	Like what?
1838360	1843820	The galaxies in their sample that had easily measurable gas tended to reside in higher mass
1843820	1847280	halos, which Eolucide reconstructs more accurately.
1848220	1853420	Also, measuring gas kinematics inherently has smaller margins of error than measuring stellar
1853420	1853960	kinematics.
1854200	1855320	Okay, so observation bias.
1855320	1855840	Partly.
1856340	1860380	But thirdly, and most importantly, there is a physical dynamical proposition.
1861120	1866180	Gas simply retains dynamical coherence better than a collisionless population of stars.
1866560	1868240	I want to dig into that physical mechanism.
1868760	1872260	Why does gas behave differently than stars when a galaxy gets scrambled?
1872460	1875060	It comes down to collisional versus collisionless physics.
1875060	1876960	Gas is a collisional fluid.
1877180	1878260	Meaning the particles hit each other.
1878260	1878860	Exactly.
1879280	1883660	When gas clouds orbit and interact, the particles physically crash into each other.
1884200	1888440	These collisions dissipate kinetic energy, causing the gas to cool and settle down into
1888440	1890960	a highly coherent, unified rotating disk.
1891340	1892460	It self-organizes.
1892840	1894060	Okay, that makes sense for gas.
1894300	1897700	Stars, on the other hand, are collisionless point masses.
1897700	1902360	The distances between stars are so vast that they essentially never hit each other.
1902480	1902960	Oh, right.
1903200	1904260	Space is mostly empty.
1904380	1904700	Exactly.
1904900	1906480	They only interact gravitationally.
1906980	1910780	So during a merger, their individual orbits get violently scrambled.
1910780	1917280	And because they can't collide to dissipate that kinetic energy, they remain in a randomized
1917280	1919100	pressure-supported swarm.
1919100	1922640	Which is what we see as a galactic bulge or an elliptical galaxy.
1922840	1923260	You got it.
1923380	1928640	So the gas is like a fluid that can settle and hold a unified spin, while the stars are
1928640	1932500	like a swarm of bees that get permanently scattered in their individual orbits.
1932680	1934760	That is the dynamical coherence hypothesis.
1935120	1936400	It explains the mechanism.
1936400	1942200	But Flyxion takes this physical mechanism and turns it into a strict, falsifiable ordering
1942200	1942740	prediction.
1943040	1943720	What's the prediction?
1944120	1947880	Flyxion states, let's assume we build better telescopes and algorithms.
1948340	1953280	If we perfectly match the host halo mass, the environmental history, the measurement uncertainty,
1953580	1956380	and the redshift for both the gas and the stellar samples.
1956780	1962500	Meaning you completely eliminate all the boring statistical excuses for why the gas looks better.
1962620	1963140	Exactly.
1963140	1968240	If you control for all those confounds, the persistence framework predicts that the gas
1968240	1972100	channel must still show a greater correlation than the stellar channel.
1972240	1972560	Wow.
1972680	1977720	Because Flyxion's framework is committed to the physical reality of that dynamical coherence
1977720	1979940	mechanism, not just statistical artifacts.
1980360	1984120	But if I'm coming up with a grand theory of cosmic memory, the last thing I want to do
1984120	1990100	is build a highly specific trapdoor that could completely falsify my own work.
1990100	1994220	Why not just say gas and stars both show the memory, so my theory is correct?
1994420	1997380	Because a theory that explains everything explains nothing.
1997520	2001160	That is the difference between a loose descriptive narrative and rigorous science.
2001320	2001760	Fair point.
2002120	2007660	If future larger surveys eliminate that gas-stellar asymmetry once all errors are controlled,
2008060	2012620	if gas and stars turn out to remember equally well, then the dynamical coherence explanation
2012620	2013160	dies.
2013240	2014000	And if that dies?
2014000	2020580	If that dies, a core physical mechanism supporting Flyxion's interpretation of repair without restoration
2020580	2022440	loses its foundation.
2023280	2026880	Flyxion is forcing the framework to be exposed to failure.
2027200	2028780	It's a scientific dare.
2029580	2032860	It's saying, here is exactly the data point that will prove me wrong.
2033280	2033740	Exactly.
2033740	2038620	Okay, so we've covered the physics, the observation, the trajectory, and the epistemology.
2039000	2041420	But how does this actually work mathematically?
2041880	2043520	The math is where it gets really beautiful.
2043760	2048920	Because if a merger is a chaotic, non-invertible transformation, meaning you can't run the math
2048920	2053460	backward, how can you mathematically prove that a relational memory survives it?
2053540	2055280	Now we are diving into the deep end.
2055780	2061080	We are looking at what Flyxion outlines as theorem one, the spectral persistence criterion.
2061080	2063440	Okay, we are going to break this down piece by piece.
2063840	2064940	How do you map chaos?
2065360	2068960	To understand this theorem, we need to introduce something called the Koopman operator.
2069240	2070260	The Koopman operator.
2070380	2071720	What does this operator actually do?
2071960	2076140	Well, in classical dynamical systems theory, you usually track the physical state of the
2076140	2079960	system, the exact position and momentum of every single star.
2080280	2082200	Which we just said is impossible because of entropy.
2082480	2082800	Right.
2083040	2089080	In a complex galaxy, the equations governing that state space are intensely non-linear and chaotic.
2089080	2091360	It's mathematically intractable.
2092040	2094660	The Koopman operator shifts the perspective entirely.
2095280	2099860	Instead of looking at how the physical points in the system move, it looked at how our observable
2099860	2102140	functions of the system evolve over time.
2102180	2103180	But let me make sure I have this.
2103220	2108300	So instead of trying to write an equation for the chaotic movement of billions of individual stars,
2108940	2113540	the operator tracks the evolution of the overall macroscopic property we actually care
2113540	2115600	about, like the total angular momentum.
2115600	2116160	Exactly.
2116380	2120320	And the brilliance of the Koopman operator is that while the underlying physical dynamics
2120320	2125280	are non-linear and chaotic, the evolution of the observables in this new mathematical
2125280	2127020	space is strictly linear.
2127340	2127880	Wait, really?
2127980	2128640	It makes it linear?
2128900	2129200	Yes.
2129320	2134760	And that allows mathematicians to use powerful linear algebra techniques, specifically spectral
2134760	2135480	decomposition.
2135480	2141620	The Koopman operator decomposes the evolution of the galaxy into two distinct mathematical
2141620	2142420	subspaces.
2142620	2143460	What are the two spaces?
2143920	2145800	The first is the mixing part of the spectrum.
2146560	2151560	This is the realm where information genuinely dissipates, decorrelates, and gets utterly lost
2151560	2153040	to chaotic interactions.
2153160	2154280	So that's the messy room.
2154380	2154620	Yes.
2155060	2160660	The mathematics here dictate that any observable living entirely in this mixing subspace will
2160660	2163860	see its memory of the past decay exponentially to zero.
2163860	2167100	That is the entropy erasing the individual orbits.
2167260	2167560	Exactly.
2168180	2173320	But there is a second subspace, the peripheral or unimodular part of the spectra.
2173420	2174140	The peripheral part.
2174220	2174520	Yes.
2175020	2179040	Observables that project onto this subspace do not mix and decay to zero.
2179660	2182420	Instead, they evolve quasi-periodically.
2182820	2186820	They are associated with the pure point spectrum of the operator.
2187000	2188060	Quasi-periodically.
2188060	2193540	So they might fluctuate, they might oscillate, but their underlying foundational energy doesn't
2193540	2194020	dissipate.
2194280	2194440	Right.
2194660	2196060	It's like, tell me if this analogy worked.
2196300	2198920	It's like striking a massive complex gong.
2199020	2199240	Okay.
2199300	2200120	I like where this is going.
2200340	2206000	When you hit it, a lot of the sound instantly turns into a chaotic, unpredictable crash of
2206000	2206300	noise.
2206460	2207280	That's the mixing part.
2207360	2208240	It dissipates quickly.
2208460	2212420	But beneath the chaotic crash, there's a deep fundamental hum.
2212420	2216080	A resonant frequency that belongs to the peripheral subspace.
2216800	2221440	And that hum just rings out indefinitely, refusing to be erased.
2221560	2224380	That is a highly accurate translation of the spectral mathematics.
2225260	2230620	Theorem 1 rigorously proves that if the mathematical representation of the primordial distinction,
2231160	2236800	our proto-halo's initial misalignment has even a non-zero projection onto that pure point
2236800	2238760	peripheral spectral subspace.
2238880	2239200	Then what?
2239200	2244080	Then the time average squared autocorrelation will be strictly positive forever.
2244480	2249640	The time average squared autocorrelation, meaning if you average out the chaotic bouncing around
2249640	2254360	and the temporary fluctuations, the foundational relationship to the origin point mathematically
2254360	2255380	cannot hit zero.
2255480	2255760	Exactly.
2255920	2258820	The fundamental hum of the gong never completely stops.
2258980	2259380	Exactly.
2259740	2264800	The instantaneous correlation might cross zero at a specific microsecond as the system oscillates,
2264800	2268160	but the time average power of that memory remains positive.
2268380	2268880	That is wild.
2268880	2274340	It proves, mathematically, that a relational distinction can remain dynamically legible
2274340	2279640	even as the vast majority of the galaxy's matter undergoes chaotic, irreversible mixing.
2280320	2286760	The physical state is destroyed, but the mathematical hum of its origin persists eternally.
2286880	2288220	This is genuinely beautiful.
2288440	2294340	It is like finding a mathematical proof for an enduring memory encoded in the geometry of chaos itself.
2294540	2295640	It's poetry, really.
2295640	2296180	It is.
2296500	2299020	So where does this leave us?
2299560	2301020	We know galaxies, remember.
2301300	2303480	We know how to find the proxy to observe it.
2303640	2306340	We understand the physical mechanisms of gas dynamics,
2306340	2309920	and we know the spectral math that guarantees its survival.
2310300	2312240	What are the broader implications of this?
2312320	2314100	Why does this matter for the future of astrophysics?
2314100	2316920	It changes everything about how we use the cosmos.
2317420	2320100	We are entering an era of cosmological archaeology.
2320360	2321540	Cosmological archaeology.
2321620	2321740	Yeah.
2322000	2325660	We can now use massive galaxies not just as isolated objects to study,
2325760	2327480	but as colossal ancient detectors.
2327880	2330300	But if they are detecting the primordial tidal field,
2330380	2332360	we already know about the primordial tidal field,
2332500	2333980	what new things can they detect?
2333980	2339640	They can detect properties of the universe that existed even before the tidal field was fully set.
2340100	2343860	Flyxion specifically highlights an indirect inference channel.
2344060	2345520	Okay, what does that mean in practice?
2345820	2350320	For example, this framework could allow us to measure the mass of ancient neutrinos.
2350400	2351000	Neutrinos.
2351400	2356900	The ghostly, nearly massless particles that flood the universe but barely interact with anything.
2357400	2359480	How could a galaxy tell us about a neutrino?
2359480	2365660	Because massive neutrinos in the extremely early universe had very specific thermal velocities.
2366100	2369120	They traveled so fast that they streamed out of dense regions,
2369620	2373560	subtly smoothing out the primordial density field at certain measurable scales.
2373740	2374060	Oh, I see.
2374460	2377880	This subtle smoothing modified the primordial tidal field.
2378280	2382700	And since we now know that the primordial tidal field dictates present-day galaxy spin
2382700	2384480	and that this relational memory survives...
2385160	2388460	We can use the subtle variations in the rotation of modern galaxies
2388460	2392400	to retroactively measure the mass and behavior of ancient neutrinos.
2392540	2392920	Exactly.
2393040	2395540	We can weigh a ghostly particle from the dawn of time
2395540	2398480	by looking at how a trillion-mass galaxy spins today.
2398840	2400780	That is an astonishing chain of inference.
2401120	2403360	It is the ultimate application of the theory.
2403940	2408140	In Flyxion's framework, there are four conceptual types of cosmological remnants.
2408480	2408960	What are they?
2408960	2413380	You have state remnants, where the original configuration mostly survives,
2413520	2414980	like the cosmic microwave background.
2414980	2419120	You have statistical remnants, where only broad distributions survive.
2419380	2419600	Okay.
2419940	2424020	You have relational remnants, where a specific link between variables survives
2424020	2425780	even if the original variables are lost,
2425960	2430340	and dynamical remnants, where the survival is a signature of an ongoing process.
2430700	2434300	And galactic spin is both a relational and dynamical remnant.
2434580	2437680	It's the surviving relationship between the unobservable cookie dough
2437680	2442800	and the unobservable cookie cutter, expressed dynamically as a persistent rotation.
2442960	2443580	Precisely.
2443840	2447080	The galaxy is effectively a lossy historical channel.
2447320	2449040	Lossy, meaning it loses data.
2449240	2449500	Right.
2450020	2455420	It is heavily degraded, terribly noisy, absolutely battered by time, mergers, and entropy,
2455900	2459480	but it is still transmitting a measurable signal from the beginning of time.
2459720	2462620	It completely changes how you look up at the night sky.
2462620	2467580	I mean, the next time you are out on a dark night looking at a faint smudge of light
2467580	2471060	through a telescope that you know is a distant spiral galaxy,
2471660	2474560	you aren't just looking at glowing gas and burning stars.
2474820	2475480	No, you're not.
2475660	2479280	You are looking at compressed, mathematically recoverable history.
2479760	2482640	You are looking at a massive, battered receiver
2482640	2486640	that is still saintly humming with the geometry of the early universe.
2486840	2488680	It's an incredible perspective.
2488680	2494400	To synthesize this incredible journey we've been on, galaxies do not keep their original matter.
2494820	2499340	Their individual components are dispersed, shocked, and chaotically reorganized.
2499520	2499740	Right.
2499900	2501460	But they retain a structural memory.
2502080	2507340	Through Shang's brilliant reconstructive proxies, achieving unprecedented seven sigma detections,
2507520	2512940	and through Flyxion's rigorous application of repair without restoration and Koopman operators,
2513120	2514920	we have learned something profound.
2515220	2515740	Which is...
2515740	2520000	The universe remembers relationships even when it completely scrambles the objects involved.
2520740	2524380	Cosmology, as Flyxion notes, is the practice of mapping the shape of that survival.
2524800	2527600	A spinning galaxy is carrying a message from the beginning of time.
2528160	2533920	And today you learned exactly how the physics, the mathematics, and the observations all align to decode it.
2534100	2534580	Exactly.
2534580	2538380	The messy room never fully erases the canyon that the river carved.
2538580	2540800	It is a phenomenal shift in perspective.
2541040	2541740	It truly is.
2541820	2547580	And I want to leave you, our listener, with the thought to mull over something that builds on the deep principles we've just unpacked.
2547580	2555680	If astronomical structures as unimaginably massive, violent, and chaotic as galaxies can retain recoverable,
2556220	2559080	geometric memories of their invisible, primordial environments,
2559540	2565960	what subtle, unobservable historical fields are shaping the trajectories of our own local environments?
2565960	2567160	That's a deep question.
2567320	2572120	What ancient, invisible tides are shaping our biology, the structure of our societies,
2572280	2575200	or even the trajectory of our own personal histories tides,
2575400	2579120	that we simply haven't found the right reconstructable proxy to measure yet?
2579700	2583960	Is the weather on the day you were born still subtly dictating how you stir your coffee,
2584460	2587980	hidden in some deep, unimodular spectral frequency of your life?
2588200	2591440	Keep questioning, keep digging, and we'll see you on the next Deep Dive.
